City_ID,City,Lat,Lng,Max Temp,Humidity,Cloudiness,Wind Speed,Country,Date
0,west island,-12.1568,96.8225,27.99000000000001,89,40,5.66,CC,1718578894
1,albany,42.6001,-73.9662,24.260000000000048,52,96,0.45,US,1718578847
2,rio grande,-32.035,-52.0986,17.060000000000002,90,100,7.22,BR,1718578895
3,longyearbyen,78.2186,15.6401,5.910000000000025,75,75,7.2,SJ,1718578895
4,crane,31.3974,-102.3501,37.64000000000004,23,0,10.77,US,1718578895
5,selkirk,50.1436,-96.8845,23.04000000000002,61,0,9.17,CA,1718578895
6,iqaluit,63.7506,-68.5145,2.8500000000000227,81,100,8.75,CA,1718578871
7,jamestown,42.097,-79.2353,27.80000000000001,39,20,4.63,US,1718578846
8,alice springs,-23.7,133.8833,8.75,93,3,1.54,AU,1718578896
9,fort bragg,35.139,-79.006,32.33000000000004,49,75,4.12,US,1718578897
10,smithers,54.7804,-127.1743,19.180000000000007,42,40,2.06,CA,1718578897
11,gadzhiyevo,69.2551,33.3362,12.920000000000016,73,76,1.9,RU,1718578897
12,cles,46.3667,11.0333,16.05000000000001,100,62,1.01,IT,1718578897
13,east london,-33.0153,27.9116,16.99000000000001,80,92,5.51,ZA,1718578898
14,vilhena,-12.7406,-60.1458,26.120000000000005,61,0,2.06,BR,1718578898
15,fayzabad,37.1166,70.58,21.410000000000025,43,91,0.53,AF,1718578801
16,whitehorse,60.7161,-135.0538,22.430000000000007,31,75,4.12,CA,1718578663
17,papatowai,-46.5619,169.4708,9.490000000000009,88,45,3.2,NZ,1718578899
18,bredasdorp,-34.5322,20.0403,14.5,47,0,2.17,ZA,1718578899
19,isabela,6.7085,121.9711,26.03000000000003,86,100,1.27,PH,1718578900
20,chonchi,-42.6128,-73.8092,8.950000000000045,93,100,4.78,CL,1718578887
21,puerto natales,-51.7236,-72.4875,-2.819999999999993,88,44,1.74,CL,1718578900
22,kodiak,57.79,-152.4072,12.010000000000048,81,97,2.06,US,1718578900
23,atafu village,-8.5421,-172.5159,28.430000000000007,78,18,6.94,TK,1718578901
24,baruun-urt,46.6806,113.2792,22.379999999999995,32,51,0.57,MN,1718578901
25,happy valley-goose bay,53.3168,-60.3315,19.170000000000016,32,75,5.14,CA,1718578901
26,ushuaia,-54.8,-68.3,-1.1899999999999977,80,75,11.32,AR,1718578836
27,adamstown,-25.066,-130.1015,21.80000000000001,75,100,6.75,PN,1718578902
28,silver city,32.7701,-108.2803,33.98000000000002,8,0,8.23,US,1718578902
29,newman,37.3138,-121.0208,32.25,9,13,5.41,US,1718578902
30,port-aux-francais,-49.35,70.2167,6.180000000000007,96,100,16.4,TF,1718578903
31,kharp,66.8014,65.8081,7.6200000000000045,70,98,1.65,RU,1718578903
32,port mathurin,-19.6833,63.4167,23.760000000000048,76,21,5.5,MU,1718578903
33,demyansk,57.643,32.466,15.310000000000002,90,47,2.51,RU,1718578904
34,mirabad,30.4362,61.8383,31.900000000000034,16,0,3.57,AF,1718578904
35,tafuna,-14.3358,-170.72,27.77000000000004,80,49,9.1,AS,1718578904
36,fendou,46.65,124.8667,18.600000000000023,50,78,6.25,CN,1718578904
37,ulladulla,-35.35,150.4667,11.900000000000034,84,97,6.84,AU,1718578905
38,olonkinbyen,70.9221,-8.7187,-1.1399999999999864,78,100,3.92,SJ,1718578905
39,bethel,41.3712,-73.414,24.24000000000001,57,0,3.09,US,1718578691
40,udachny,66.4167,112.4,9.140000000000043,54,56,3.29,RU,1718578894
41,mont-tremblant,46.1949,-74.6264,19.77000000000004,40,100,1.54,CA,1718578620
42,lihue,21.9789,-159.3672,27.08000000000004,68,12,6.58,US,1718578906
43,mitu,1.1983,-70.1733,23.32000000000005,97,16,0.66,CO,1718578906
44,waitangi,-43.9535,-176.5597,12.680000000000007,97,100,3.13,NZ,1718578906
45,brookings,44.3114,-96.7984,26.0,65,40,7.2,US,1718578745
46,avarua,-21.2078,-159.775,26.03000000000003,73,75,2.06,CK,1718578907
47,flying fish cove,-10.4217,105.6791,25.82000000000005,88,100,5.14,CX,1718578907
48,ketchikan,55.3422,-131.6461,16.30000000000001,75,99,1.19,US,1718578908
49,papayal,-4.0761,-80.7361,23.640000000000043,72,100,0.7,PE,1718578908
50,hawaiian paradise park,19.5933,-154.9731,28.180000000000007,72,51,1.79,US,1718578908
51,nymburk,50.1861,15.0417,17.600000000000023,70,40,1.49,CZ,1718578908
52,diboll,31.1871,-94.781,34.43000000000001,51,0,4.12,US,1718578909
53,kodinsk,58.6881,99.1844,13.580000000000041,82,100,2.7,RU,1718578909
54,uray,60.1247,64.7758,12.150000000000034,83,99,4.02,RU,1718578909
55,saint lucia,-27.5,153.0,14.390000000000043,66,0,7.72,AU,1718578909
56,klyuchi,52.2667,79.1667,19.970000000000027,83,2,2.22,RU,1718578910
57,edinburgh of the seven seas,-37.0676,-12.3116,13.860000000000014,91,100,10.28,SH,1718578910
58,port alfred,-33.5906,26.891,15.100000000000023,92,85,0.45,ZA,1718578910
59,horta,38.5333,-28.6333,20.010000000000048,84,94,1.34,PT,1718578911
60,thompson,55.7435,-97.8558,14.090000000000032,94,75,2.57,CA,1718578911
61,port douglas,-16.4833,145.4667,22.400000000000034,57,19,1.12,AU,1718578911
62,jinja,0.439,33.2032,19.54000000000002,81,94,0.98,UG,1718578913
63,wailua homesteads,22.0669,-159.378,26.74000000000001,69,16,4.02,US,1718578913
64,opuwo,-18.0607,13.84,13.220000000000027,26,0,2.28,NA,1718578913
65,iskateley,67.6803,53.1512,12.79000000000002,41,100,3.58,RU,1718578914
66,coquimbo,-29.9533,-71.3436,13.850000000000023,86,75,4.63,CL,1718578914
67,buba,11.5833,-15.0,26.82000000000005,83,85,2.45,GW,1718578914
68,pagar alam,-4.0167,103.2667,19.700000000000045,97,87,0.94,ID,1718578915
69,cidade velha,14.9167,-23.6167,24.260000000000048,78,75,6.69,CV,1718578915
70,tolanaro,-25.0319,46.9987,19.04000000000002,94,75,1.03,MG,1718578916
71,grytviken,-54.2811,-36.5092,-3.9899999999999523,82,69,4.82,GS,1718578916
72,vuktyl,63.8567,57.3094,8.390000000000043,96,30,2.24,RU,1718578916
73,bilibino,68.0546,166.4372,20.890000000000043,33,50,1.92,RU,1718578916
74,st. john's,47.5649,-52.7093,14.600000000000023,95,100,0.0,CA,1718578649
75,tsagan aman,47.5639,46.7218,22.450000000000045,72,55,2.54,RU,1718578917
76,hermanus,-34.4187,19.2345,14.890000000000043,51,0,4.26,ZA,1718578917
77,manay,7.215,126.5397,26.5,77,100,0.84,PH,1718578918
78,gizo,-8.103,156.8419,28.0,77,47,4.38,SB,1718578918
79,mukalla,14.5425,49.1242,29.28000000000003,76,44,1.97,YE,1718578919
80,porto novo,6.4965,2.6036,25.439999999999998,86,94,2.09,BJ,1718578920
81,koratla,18.8167,78.7167,25.610000000000014,85,83,3.35,IN,1718578920
82,new norfolk,-42.7826,147.0587,8.730000000000018,89,99,0.94,AU,1718578920
83,nyurba,63.2842,118.3319,8.200000000000045,71,21,2.19,RU,1718578922
84,idri,27.5,13.2667,32.460000000000036,20,0,4.54,LY,1718578922
85,ta`u,-14.2336,-169.5144,27.360000000000014,80,47,8.04,AS,1718578923
86,blackmans bay,-43.0167,147.3167,8.07000000000005,83,100,3.69,AU,1718578923
87,vievis,54.7667,24.8,16.879999999999995,93,7,1.47,LT,1718578923
88,waingapu,-9.6567,120.2641,24.150000000000034,84,58,3.19,ID,1718578924
89,inhambane,-23.865,35.3833,19.430000000000007,69,68,2.74,MZ,1718578924
90,sisimiut,66.9395,-53.6735,6.57000000000005,92,100,2.82,GL,1718578925
91,port elizabeth,-33.918,25.5701,14.160000000000025,88,0,2.57,ZA,1718578925
92,maracaju,-21.6144,-55.1683,25.28000000000003,40,39,2.44,BR,1718578712
93,yarmouth,41.7057,-70.2286,19.980000000000018,60,0,2.57,US,1718578901
94,vorgashor,67.5833,63.95,6.560000000000002,74,87,1.14,RU,1718578926
95,aasiaat,68.7098,-52.8699,2.900000000000034,88,70,2.13,GL,1718578926
96,petropavlovsk-kamchatsky,53.0452,158.6483,8.330000000000041,89,75,4.0,RU,1718578926
97,punta del este,-34.9667,-54.95,13.82000000000005,85,0,3.6,UY,1718578922
98,jalqani,12.4486,34.2186,27.620000000000005,64,100,4.65,SD,1718578927
99,invercargill,-46.4,168.35,6.680000000000007,98,71,0.94,NZ,1718578927
100,miyazu,35.5333,135.1833,21.390000000000043,79,49,1.52,JP,1718578928
101,qarazhal,48.0078,70.7903,21.07000000000005,50,10,2.74,KZ,1718578928
102,pokhara,28.2333,83.9833,23.83000000000004,52,48,1.84,NP,1718578928
103,magong,23.5654,119.5863,27.99000000000001,88,100,7.04,TW,1718578928
104,kalianget,-7.05,113.9333,26.54000000000002,84,41,5.4,ID,1718578929
105,guiuan,11.0333,125.7247,29.230000000000018,73,92,4.62,PH,1718578819
106,hamilton,39.1834,-84.5333,33.670000000000016,44,0,2.57,US,1718578634
107,la passe,45.5549,-0.8967,17.129999999999995,96,100,5.33,FR,1718578930
108,akureyri,65.6835,-18.0878,6.960000000000036,87,20,3.6,IS,1718578930
109,keffi,8.8486,7.8736,22.25,96,73,1.34,NG,1718578931
110,solaro,44.8799,9.1732,15.900000000000034,89,15,2.59,IT,1718578931
111,saposoa,-6.934,-76.7716,23.28000000000003,96,79,1.29,PE,1718578751
112,margaret river,-33.95,115.0667,14.240000000000009,70,100,2.28,AU,1718578932
113,mugia,43.1041,-9.2179,17.730000000000018,96,100,7.19,ES,1718578932
114,repatriacion,-25.5333,-55.95,20.810000000000002,98,98,1.31,PY,1718578932
115,pailin,12.849,102.6093,24.24000000000001,96,99,2.1,KH,1718578933
116,amarante do maranhao,-5.5667,-46.7422,27.200000000000045,51,99,1.16,BR,1718578933
117,utrik,11.2278,169.8474,28.210000000000036,79,91,8.02,MH,1718578933
118,yellowknife,62.456,-114.3525,10.79000000000002,51,75,10.29,CA,1718578808
119,codrington,-38.2667,141.9667,11.410000000000025,66,100,3.86,AU,1718578934
120,isafjordur,66.0755,-23.124,7.9500000000000455,76,100,1.34,IS,1718578934
121,aykhal,66.0,111.5,8.480000000000018,60,100,4.67,RU,1718578934
122,ushibukamachi,32.1906,130.0228,22.689999999999998,91,100,3.08,JP,1718578935
123,burang,30.25,81.1667,6.310000000000002,68,47,1.14,CN,1718578935
124,rouyn-noranda,48.2398,-79.0288,19.05000000000001,48,100,4.63,CA,1718578784
125,constantia,44.1833,28.65,18.379999999999995,74,0,4.4,RO,1718578936
126,georgetown,5.4112,100.3354,25.970000000000027,83,20,1.54,MY,1718578773
127,andrychow,49.855,19.3383,15.120000000000005,94,55,2.17,PL,1718578936
128,hasaki,35.7333,140.8333,27.379999999999995,79,100,4.85,JP,1718578936
129,tazovsky,67.4667,78.7,3.1299999999999955,80,61,1.3,RU,1718578937
130,armacao de buzios,-22.7469,-41.8817,25.03000000000003,80,1,10.1,BR,1718578802
131,tura,25.5198,90.2201,24.129999999999995,97,90,2.9,IN,1718578938
132,nuuk,64.1835,-51.7216,7.340000000000032,93,100,4.47,GL,1718578938
133,touros,-5.1989,-35.4608,23.600000000000023,89,33,5.44,BR,1718578939
134,alofi,-19.0595,-169.9187,27.939999999999998,74,75,5.66,NU,1718578939
135,yuktae-dong,40.0247,128.1597,20.510000000000048,67,0,4.31,KP,1718578939
136,kuhdasht,33.535,47.6061,24.74000000000001,24,1,2.53,IR,1718578940
137,posto fiscal rolim de moura,-13.0833,-62.2667,27.720000000000027,46,10,1.97,BR,1718578940
138,cockburn town,21.4612,-71.1419,29.980000000000018,79,75,3.09,TC,1718578940
139,fada,9.5667,8.3,19.360000000000014,95,71,1.11,NG,1718578941
140,xilin hot,43.9667,116.0333,22.710000000000036,26,7,2.91,CN,1718578941
141,las terrenas,19.311,-69.5428,28.79000000000002,75,100,3.21,DO,1718578941
142,okha,53.5739,142.9478,4.580000000000041,98,100,6.71,RU,1718578942
143,pinillos,8.9193,-74.4677,26.230000000000018,90,100,0.15,CO,1718578942
144,solleftea,63.1667,17.2667,11.920000000000016,98,25,1.74,SE,1718578942
145,phongsali,21.6833,102.1058,19.210000000000036,99,100,0.62,LA,1718578942
146,swaffham,52.6469,0.6887,14.550000000000011,82,0,2.57,GB,1718578943
147,lebu,-37.6167,-73.65,11.010000000000048,87,100,6.78,CL,1718578726
148,wamba,8.9333,8.6,21.939999999999998,96,96,0.8,NG,1718578943
149,tiksi,71.6872,128.8694,6.460000000000036,75,69,1.47,RU,1718578944
150,ilhabela,-23.7781,-45.3581,22.410000000000025,72,1,1.63,BR,1718578944
151,kill devil hills,36.0307,-75.676,26.0,67,0,4.63,US,1718578944
152,kendari,-3.945,122.4989,24.680000000000007,92,88,1.25,ID,1718578945
153,padang,-0.9492,100.3543,25.03000000000003,92,100,1.95,ID,1718578757
154,valley,45.1277,-116.1262,7.0,27,100,2.69,US,1718578945
155,anadyr,64.75,177.4833,5.28000000000003,86,40,4.0,RU,1718578945
156,xining,36.6167,101.7667,13.670000000000016,71,78,1.55,CN,1718578946
157,goderich,43.7501,-81.7165,27.180000000000007,29,100,4.12,CA,1718578859
158,miasskoye,55.2784,61.8905,20.480000000000018,95,70,4.38,RU,1718578946
159,kaa-khem,51.6833,94.7333,19.110000000000014,68,84,0.22,RU,1718578947
160,berriane,32.8265,3.7669,33.450000000000045,22,77,4.47,DZ,1718578947
161,katsuura,35.1333,140.3,24.470000000000027,86,95,1.34,JP,1718578948
162,barcelos,41.5388,-8.6151,18.80000000000001,90,99,1.96,PT,1718578686
163,colesberg,-30.72,25.0972,9.75,40,94,1.71,ZA,1718578948
164,arraial do cabo,-22.9661,-42.0278,23.400000000000034,81,0,11.43,BR,1718578841
165,northam,51.0333,-4.2167,12.560000000000002,89,100,3.11,GB,1718578949
166,dudinka,69.4058,86.1778,2.0400000000000205,78,29,1.79,RU,1718578949
167,ishigaki,24.3448,124.1572,28.07000000000005,100,75,5.66,JP,1718578949
168,cidreira,-30.1811,-50.2056,17.420000000000016,98,100,5.91,BR,1718578949
169,juquitiba,-23.9317,-47.0683,24.090000000000032,54,3,1.99,BR,1718578950
170,tymovskoye,50.8456,142.655,9.730000000000018,99,100,1.73,RU,1718578950
171,conduaga,8.862,117.4893,26.939999999999998,80,93,1.3,PH,1718578950
172,lata,40.1629,-8.3327,12.25,97,10,0.28,PT,1718578951
173,qaqortoq,60.7167,-46.0333,5.410000000000025,92,100,0.13,GL,1718578951
174,kuanda,56.3161,116.0806,10.730000000000018,57,96,0.7,RU,1718578951
175,nemuro,43.3236,145.575,12.470000000000027,100,100,3.82,JP,1718578951
176,cachoeiro de itapemirim,-20.8489,-41.1128,20.470000000000027,80,1,1.61,BR,1718578655
177,shahba,32.8551,36.629,23.30000000000001,22,0,4.51,SY,1718578952
178,pozos de gamboa,22.95,-102.5667,29.930000000000007,21,40,3.92,MX,1718578952
179,phuthaditjhaba,-28.5242,28.8158,7.78000000000003,43,80,1.61,ZA,1718578953
180,holualoa,19.6228,-155.9522,25.310000000000002,74,10,0.45,US,1718578953
181,borba,-4.3878,-59.5939,26.78000000000003,73,100,0.61,BR,1718578920
182,peniche,39.3558,-9.3811,17.74000000000001,95,0,2.8,PT,1718578954
183,hithadhoo,-0.6,73.0833,27.99000000000001,75,67,3.13,MV,1718578954
184,trujillo,-8.116,-79.03,17.980000000000018,82,18,5.14,PE,1718578735
185,port saint john's,-31.6229,29.5448,17.49000000000001,81,100,3.57,ZA,1718578955
186,selfoss,63.9331,-20.9971,11.140000000000043,85,27,3.98,IS,1718578955
187,el bolson,-41.9667,-71.5167,3.920000000000016,97,96,2.26,AR,1718578955
188,reitz,-27.8014,28.4273,7.170000000000016,36,12,2.1,ZA,1718578955
189,mar del plata,-38.0023,-57.5575,14.490000000000009,62,0,3.09,AR,1718578733
190,uturoa,-16.7333,-151.4333,26.660000000000025,78,15,7.05,PF,1718578956
191,kiunga,-6.1219,141.2906,23.370000000000005,88,100,1.46,PG,1718578956
192,magadan,59.5667,150.8,10.850000000000023,79,79,1.47,RU,1718578956
193,rodolfo sanchez taboada,31.7167,-116.5667,20.060000000000002,67,34,1.79,MX,1718578883
194,ilulissat,69.2167,-51.1,9.010000000000048,61,3,1.54,GL,1718578957
195,willowmore,-33.2926,23.4895,12.140000000000043,48,57,1.8,ZA,1718578957
196,zharkent,44.1628,80.0,19.420000000000016,44,0,3.44,KZ,1718578958
197,port moresby,-9.4431,147.1797,21.680000000000007,100,40,1.54,PG,1718578924
198,galliano,29.4422,-90.2992,30.0,65,0,1.54,US,1718578927
199,luderitz,-26.6481,15.1594,15.75,68,0,6.36,NA,1718578959
200,bikenibeu village,1.3673,173.1241,30.980000000000018,74,40,4.12,KI,1718578959
201,rikaze,29.25,88.8833,14.270000000000039,49,39,1.48,CN,1718578885
202,kavieng,-2.5744,150.7967,28.450000000000045,78,47,4.63,PG,1718578959
203,del rio,29.3627,-100.8968,40.06,24,0,8.75,US,1718578960
204,badger,64.8,-147.5333,27.980000000000018,35,11,1.34,US,1718578960
205,tsiombe,-25.3,45.4833,19.120000000000005,83,41,2.37,MG,1718578961
206,vila do maio,15.1333,-23.2167,24.439999999999998,83,41,2.79,CV,1718578961
207,olyokminsk,60.3736,120.4264,9.0,69,94,1.72,RU,1718578961
208,ust-nera,64.5667,143.2,18.170000000000016,53,93,3.58,RU,1718578961
209,fale old settlement,-9.3852,-171.2468,28.680000000000007,77,48,7.03,TK,1718578962
210,bonthe,7.5264,-12.505,25.77000000000004,86,100,3.47,SL,1718578962
211,mount gambier,-37.8333,140.7667,10.78000000000003,60,100,2.16,AU,1718578962
212,saldanha,-33.0117,17.9442,13.03000000000003,42,0,8.0,ZA,1718578963
213,fortuna,40.5982,-124.1573,15.75,63,20,6.69,US,1718578963
214,taoudenni,22.6783,-3.9836,37.710000000000036,8,4,1.75,ML,1718578963
215,gewane,10.1664,40.6453,32.58000000000004,24,73,5.44,ET,1718578963
216,stanley,54.868,-1.6985,11.270000000000039,94,40,4.12,GB,1718578964
217,ribeira grande,38.5167,-28.7,20.430000000000007,84,92,2.24,PT,1718578964
218,nizhniy lomov,53.5304,43.6766,19.28000000000003,89,100,1.28,RU,1718578965
219,seven pagodas,12.6264,80.1722,29.03000000000003,77,100,6.33,IN,1718578871
220,gaiman,-43.2897,-65.4929,9.490000000000009,41,100,2.09,AR,1718578965
221,sao gabriel da cachoeira,-0.1303,-67.0892,25.5,83,93,0.85,BR,1718578966
222,lazaro cardenas,17.9583,-102.2,29.77000000000004,71,22,7.35,MX,1718578966
223,susuman,62.7833,148.1667,13.32000000000005,67,48,4.47,RU,1718578966
224,lara,-38.0167,144.4,9.730000000000018,91,79,3.6,AU,1718578966
225,zhanaozen,43.3,52.8,28.860000000000014,30,3,3.87,KZ,1718578967
226,pantabangan,15.8113,121.1443,25.700000000000045,91,100,1.88,PH,1718578967
227,gelemso,8.8167,40.5167,17.5,48,39,3.35,ET,1718578967
228,pechora,65.1472,57.2244,9.360000000000014,93,77,3.13,RU,1718578968
229,alo,7.4178,6.7371,23.350000000000023,97,76,1.97,NG,1718578968
230,felanitx,39.4696,3.1483,22.200000000000045,89,2,1.84,ES,1718578826
231,rajgarh,28.6333,75.3833,35.59000000000003,30,0,5.24,IN,1718578968
232,jaen,38.0,-3.5,23.30000000000001,23,0,2.09,ES,1718578842
233,oranjemund,-28.55,16.4333,19.560000000000002,31,0,4.35,NA,1718578969
234,tumut,-35.3,148.2167,6.6299999999999955,68,6,0.09,AU,1718578969
235,rongelap,11.1635,166.8941,28.210000000000036,79,87,6.99,MH,1718578970
236,casino,-28.8667,153.05,13.650000000000034,46,0,2.78,AU,1718578970
237,kingston,17.997,-76.7936,29.53000000000003,70,20,7.2,JM,1718578638
238,college,64.8569,-147.8028,28.03000000000003,33,20,4.12,US,1718578777
239,mabaruma,8.2,-59.7833,24.640000000000043,91,97,1.38,GY,1718578971
240,ambovombe,-25.1667,46.0833,18.629999999999995,82,34,3.15,MG,1718578971
241,guerrero,17.6667,-100.0,28.910000000000025,49,87,2.0,MX,1718578971
242,frenchville,-23.3442,150.5507,16.450000000000045,70,0,3.09,AU,1718578971
243,lupane,-18.9315,27.807,14.03000000000003,69,54,1.98,ZW,1718578972
244,sitka,57.0531,-135.33,15.680000000000007,73,99,3.06,US,1718578809
245,port lincoln,-34.7333,135.8667,12.129999999999995,77,100,4.96,AU,1718578972
246,nova sintra,14.8667,-24.7167,24.0,81,53,4.49,CV,1718578973
247,ancud,-41.8697,-73.8203,9.379999999999995,91,100,8.5,CL,1718578825
248,champerico,14.3,-91.9167,26.30000000000001,91,100,5.88,GT,1718578973
249,shalya,57.2471,58.7298,11.640000000000043,96,17,1.4,RU,1718578973
250,lensk,60.7253,114.9278,12.850000000000023,55,36,1.32,RU,1718578974
251,benghazi,32.1167,20.0667,23.55000000000001,72,0,5.47,LY,1718578974
252,upata,8.0086,-62.3989,26.220000000000027,60,76,2.44,VE,1718578974
253,greymouth,-42.4667,171.2,8.490000000000009,89,100,2.3,NZ,1718578975
254,williams lake,52.1415,-122.1445,14.760000000000048,50,75,3.09,CA,1718578975
255,timmins,48.4669,-81.3331,13.900000000000034,82,100,5.14,CA,1718578975
256,villa huidobro,-34.8383,-64.5869,12.410000000000025,42,4,3.91,AR,1718578976
257,quiindy,-25.9667,-57.2667,21.620000000000005,99,100,1.12,PY,1718578976
258,dowlatabad,32.7998,51.6955,21.82000000000005,35,42,2.06,IR,1718578976
259,redwood falls,44.5394,-95.1169,29.010000000000048,61,100,4.12,US,1718578939
260,thunder bay,48.4001,-89.3168,15.990000000000009,88,100,3.6,CA,1718578811
261,haiku-pauwela,20.9219,-156.3051,28.010000000000048,67,40,10.8,US,1718578977
262,palimanan,-6.7069,108.4242,23.620000000000005,75,6,2.19,ID,1718578978
263,marco island,25.9363,-81.7157,33.0,60,100,4.82,US,1718578978
264,sirre,8.3167,39.4833,18.879999999999995,51,63,2.03,ET,1718578979
265,tuy hoa,13.0833,109.3,25.310000000000002,85,81,2.43,VN,1718578979
266,hirara,24.8,125.2833,28.150000000000034,100,75,6.17,JP,1718578979
267,raja,8.4596,25.678,21.07000000000005,79,100,1.83,SS,1718578979
268,buka,40.8108,69.1986,25.090000000000032,34,33,3.24,UZ,1718578980
269,antalaha,-14.9003,50.2788,23.090000000000032,91,78,4.53,MG,1718578980
270,talnakh,69.4865,88.3972,1.7800000000000296,75,22,3.25,RU,1718578980
271,kalabo,-14.97,22.6814,10.230000000000018,41,6,2.33,ZM,1718578981
272,manta,-0.95,-80.7333,24.879999999999995,83,100,4.63,EC,1718578981
273,usogorsk,63.4106,48.6872,11.480000000000018,94,13,1.97,RU,1718578981
274,namibe,-15.1961,12.1522,17.54000000000002,83,10,2.46,AO,1718578982
275,san antonio de pale,-1.4014,5.6325,24.660000000000025,78,90,2.85,GQ,1718578860
276,vorkuta,67.5,64.0,6.730000000000018,74,87,2.68,RU,1718578983
277,baracoa,20.3467,-74.4958,27.600000000000023,85,100,2.59,CU,1718578983
278,lima,-12.0432,-77.0282,19.390000000000043,76,100,3.09,PE,1718578814
279,chibougamau,49.9168,-74.3659,21.79000000000002,43,75,7.72,CA,1718578940
280,fereydunshahr,32.941,50.121,15.010000000000048,33,12,1.16,IR,1718578984
281,freetown,8.484,-13.2299,25.870000000000005,86,100,3.44,SL,1718578984
282,labytnangi,66.6572,66.4183,7.990000000000009,62,69,2.34,RU,1718578985
283,queenstown,-31.8976,26.8753,10.140000000000043,44,100,2.16,ZA,1718578985
284,ust'-kut,56.7938,105.7672,15.240000000000009,96,99,0.45,RU,1718578985
285,huarmey,-10.0681,-78.1522,18.970000000000027,79,1,5.57,PE,1718578985
286,howard springs,-12.497,131.047,22.950000000000045,87,7,3.8,AU,1718578986
287,puerto aysen,-45.4,-72.7,5.6299999999999955,99,100,0.92,CL,1718578986
288,assab,13.0092,42.7394,32.110000000000014,63,57,3.33,ER,1718578987
289,goondiwindi,-28.55,150.3167,9.07000000000005,66,0,6.01,AU,1718578987
290,le port,-20.9373,55.2919,22.0,81,25,3.11,RE,1718578987
291,tsengel,49.4783,100.8894,15.53000000000003,62,78,1.47,MN,1718578988
292,lerwick,60.1545,-1.1494,10.0,94,10,5.35,GB,1718578988
293,regina,50.4501,-104.6178,15.060000000000002,79,75,13.38,CA,1718578803
294,remire-montjoly,4.9167,-52.2667,26.02000000000004,94,75,4.12,GF,1718578989
295,nellore,14.4333,79.9667,31.890000000000043,50,94,3.13,IN,1718578821
296,morondava,-20.2833,44.2833,21.57000000000005,60,0,2.63,MG,1718578989
297,ierapetra,35.01,25.7353,27.30000000000001,31,67,4.02,GR,1718578990
298,levuka,50.1834,-105.4011,14.900000000000034,75,93,8.86,CA,1718578990
299,freeport,40.6576,-73.5832,22.700000000000045,74,0,6.17,US,1718578966
300,polyarnyy,69.1989,33.4478,12.670000000000016,72,74,2.42,RU,1718578832
301,marsh harbour,26.5412,-77.0636,27.660000000000025,74,84,6.1,BS,1718578804
302,portland,45.5234,-122.6762,18.090000000000032,66,75,5.66,US,1718578989
303,piacabucu,-10.4056,-36.4344,23.83000000000004,82,16,4.21,BR,1718578991
304,carnarvon,-24.8667,113.6333,20.420000000000016,77,100,7.78,AU,1718578992
305,sainyabuli,19.25,101.75,23.670000000000016,99,100,0.89,LA,1718578992
306,asti,44.8979,8.2068,20.710000000000036,88,30,1.5,IT,1718578992
307,alpine,32.835,-116.7664,29.75,58,0,4.63,US,1718578992
308,petauke,-14.2426,31.3253,15.510000000000048,62,3,4.06,ZM,1718578993
309,dul'durga,50.6761,113.5931,15.28000000000003,44,71,0.79,RU,1718578994
310,la foa,-21.7108,165.8276,23.590000000000032,54,0,3.08,NC,1718578994
311,zavetnoye,47.1194,43.8903,20.29000000000002,88,90,2.5,RU,1718578994
312,sao francisco do sul,-26.2433,-48.6381,21.950000000000045,88,75,1.03,BR,1718578950
313,sant'antioco,39.0664,8.4522,20.850000000000023,69,1,1.54,IT,1718578995
314,shancheng,34.7953,116.0817,24.310000000000002,68,100,4.19,CN,1718578926
315,dhidhdhoo,6.8833,73.1,28.970000000000027,76,100,4.99,MV,1718578996
316,la ronge,55.1001,-105.2842,12.140000000000043,50,100,10.8,CA,1718578948
317,kattivakkam,13.2167,80.3167,29.05000000000001,80,100,6.82,IN,1718578996
318,hobyo,5.3505,48.5268,25.650000000000034,84,99,10.83,SO,1718578997
319,general jose de san martin,-26.5374,-59.3416,19.680000000000007,96,98,3.06,AR,1718578699
320,bahia de kino,28.8333,-111.9333,31.660000000000025,56,0,6.51,MX,1718578838
321,saudarkrokur,65.7461,-19.6394,7.5400000000000205,85,100,1.71,IS,1718578998
322,labrador city,52.9463,-66.9114,16.77000000000004,38,75,3.6,CA,1718578818
323,saipan,15.1355,145.701,28.390000000000043,74,40,5.66,MP,1718578998
324,prado,-17.3411,-39.2208,23.660000000000025,80,0,3.2,BR,1718578966
325,burela de cabo,43.65,-7.4,18.430000000000007,89,100,2.69,ES,1718578999
326,qionghai,19.2425,110.4642,27.660000000000025,92,100,3.07,CN,1718578999
327,mombetsu,44.3525,143.3525,16.910000000000025,83,19,1.57,JP,1718579000
328,hastings,50.8552,0.5729,14.180000000000007,89,52,5.82,GB,1718579000
329,hadibu,12.65,54.0333,27.420000000000016,80,100,6.61,YE,1718579000
330,punta arenas,-53.15,-70.9167,-3.9399999999999977,86,20,2.06,CL,1718579001
331,afaahiti,-17.75,-149.2833,26.930000000000007,80,70,5.63,PF,1718579001
332,menongue,-14.6585,17.691,8.360000000000014,40,14,2.03,AO,1718579001
333,ostrovskoye,57.8057,42.2433,14.700000000000045,90,73,2.66,RU,1718579002
334,san patricio,28.017,-97.5169,35.09000000000003,52,41,7.68,US,1718579002
335,kruisfontein,-34.0033,24.7314,14.840000000000032,53,50,3.91,ZA,1718579002
336,kununurra,-15.7667,128.7333,14.990000000000009,88,7,2.06,AU,1718579003
337,nouadhibou,20.931,-17.0347,19.99000000000001,83,4,8.75,MR,1718579003
338,matane,48.8286,-67.522,16.430000000000007,66,99,3.7,CA,1718579003
339,kalmunai,7.4167,81.8167,26.57000000000005,79,64,2.47,LK,1718579004
340,kibungan,16.695,120.6553,17.03000000000003,88,100,1.27,PH,1718579004
341,ziro,27.6333,93.8333,17.220000000000027,100,99,0.38,IN,1718579004
342,puerto ayora,-0.7393,-90.3518,24.980000000000018,92,80,2.24,EC,1718579005
343,east end,34.5507,-92.341,34.94,54,19,5.74,US,1718579005
344,juneau,58.3019,-134.4197,22.0,100,20,3.6,US,1718579005
345,darlowo,54.421,16.4107,15.020000000000039,81,59,4.13,PL,1718579006
346,egilsstadir,65.2653,-14.3948,2.9500000000000455,87,75,5.14,IS,1718579006
347,westport,41.1415,-73.3579,23.850000000000023,63,27,2.68,US,1718578740
348,souillac,-20.5167,57.5167,23.210000000000036,94,75,1.54,MU,1718579007
349,muntok,-2.0667,105.1833,25.49000000000001,91,44,3.38,ID,1718579007
350,carutapera,-1.195,-46.02,24.210000000000036,94,71,2.16,BR,1718579007
351,bezhetsk,57.7851,36.6965,14.939999999999998,81,30,3.43,RU,1718579008
352,jayapura,-2.5333,140.7,26.660000000000025,92,99,1.64,ID,1718579008
353,rabigh,22.7986,39.0349,30.07000000000005,65,30,1.84,SA,1718578885
354,kiama,-34.6833,150.8667,14.760000000000048,68,81,3.13,AU,1718579009
355,severnoye,56.3491,78.3619,17.77000000000004,94,99,1.34,RU,1718579009
356,pirot,43.1531,22.5861,16.52000000000004,82,19,1.04,RS,1718579009
357,mossel bay,-34.1831,22.146,23.960000000000036,49,7,3.37,ZA,1718579010
358,loreto,22.2667,-101.9667,30.52000000000004,18,4,5.57,MX,1718579010
359,olinda,-8.0089,-34.8553,24.850000000000023,73,40,6.69,BR,1718579010
360,colonia,50.9333,6.95,15.54000000000002,87,40,3.09,DE,1718578815
361,uaua,-9.8414,-39.4817,21.010000000000048,80,9,6.28,BR,1718578939
362,barra de santo antonio,-9.4047,-35.5072,23.600000000000023,75,6,6.12,BR,1718579011
363,dumas,35.8656,-101.9732,35.08000000000004,29,0,11.32,US,1718578945
364,conception bay south,47.4999,-52.9981,15.020000000000039,92,100,4.13,CA,1718579012
365,dunay,42.8803,132.3375,14.840000000000032,83,99,3.63,RU,1718579012
366,pisco,-13.7,-76.2167,18.03000000000003,82,2,2.57,PE,1718579012
367,kristiansund,63.1115,7.732,11.360000000000014,90,78,2.06,NO,1718579013
368,kapuskasing,49.4169,-82.4331,14.050000000000011,88,100,8.23,CA,1718578862
369,praia da vitoria,38.7333,-27.0667,20.420000000000016,94,20,5.65,PT,1718579013
370,lompoc,34.6391,-120.4579,26.58000000000004,62,0,8.75,US,1718579014
371,jaito,30.4667,74.8833,36.379999999999995,28,0,4.44,IN,1718579006
372,baardheere,2.3446,42.2764,24.390000000000043,76,96,5.51,SO,1718579015
373,nar'yan-mar,67.6713,53.087,12.840000000000032,41,100,3.58,RU,1718579016
374,dhamar,14.5427,44.4051,17.590000000000032,66,28,0.11,YE,1718578806
375,mo i rana,66.3128,14.1428,13.510000000000048,82,40,2.24,NO,1718578881
376,puerto colombia,10.9878,-74.9547,28.05000000000001,78,100,2.86,CO,1718579017
377,taltal,-25.4,-70.4833,16.129999999999995,77,20,0.8,CL,1718578820
378,kolyvan',55.3053,82.7391,17.79000000000002,93,65,1.92,RU,1718579018
379,ola,59.5833,151.2833,11.189999999999998,78,66,1.09,RU,1718579018
380,al muwayh,22.4333,41.7583,27.379999999999995,13,63,1.36,SA,1718579018
381,tupiza,-21.45,-65.7167,9.640000000000043,13,96,3.97,BO,1718579019
382,chernyshevsk,52.5243,117.0174,13.670000000000016,41,76,1.28,RU,1718579019
383,rudnyy,52.9594,63.1206,21.129999999999995,86,98,2.72,KZ,1718579019
384,tralee,52.2704,-9.7026,9.450000000000045,92,4,0.46,IE,1718579020
385,badiyah,22.45,58.8,30.670000000000016,57,28,1.77,OM,1718579020
386,shenjiamen,29.9576,122.298,21.07000000000005,95,100,11.25,CN,1718579020
387,walvis bay,-22.9575,14.5053,17.27000000000004,88,85,4.63,NA,1718579021
388,cheremukhovo,60.3484,59.9851,11.090000000000032,93,95,1.79,RU,1718579021
389,mazidagi,37.4775,40.4881,24.420000000000016,32,0,2.69,TR,1718579021
390,bubaque,11.2833,-15.8333,27.650000000000034,80,54,6.16,GW,1718579021
391,antonio enes,-16.2325,39.9086,22.700000000000045,63,40,4.04,MZ,1718579022
392,san clemente,33.427,-117.612,29.420000000000016,78,14,2.24,US,1718578783
393,edson,53.5835,-116.4356,11.080000000000041,54,75,6.69,CA,1718578927
394,kirakira,-10.4544,161.9205,27.850000000000023,81,81,1.55,SB,1718579023
395,bel ombre,-4.6167,55.4167,27.910000000000025,83,20,3.09,SC,1718579023
396,kogalym,62.2654,74.4791,13.32000000000005,65,94,5.36,RU,1718578903
397,enewetak,11.3474,162.3373,28.010000000000048,77,78,7.07,MH,1718579024
398,ouarzazat,30.9189,-6.8934,31.160000000000025,5,0,2.06,MA,1718579024
399,santo antonio do ica,-3.1022,-67.9397,26.33000000000004,80,97,0.84,BR,1718578881
400,san jose del cabo,23.0589,-109.6977,37.650000000000034,43,4,1.79,MX,1718578879
401,burglengenfeld,49.2056,12.0414,18.400000000000034,59,100,0.0,DE,1718579025
402,mawu,29.5923,107.3139,20.170000000000016,98,100,0.9,CN,1718579026
403,nguigmi,14.2495,13.1092,31.060000000000002,45,25,2.97,NE,1718579026
404,zhezqazghan,47.7833,67.7667,23.010000000000048,52,9,3.43,KZ,1718579026
405,undurkhaan,47.3194,110.6556,22.210000000000036,32,6,1.12,MN,1718579026
406,poronaysk,49.2167,143.1167,8.800000000000011,96,100,1.71,RU,1718579027
407,garissa,-0.4536,39.6401,23.900000000000034,76,97,8.03,KE,1718579027
408,agaro,7.85,36.65,15.760000000000048,98,81,1.3,ET,1718579027
409,tazacorte,28.629,-17.9293,20.54000000000002,90,100,5.66,ES,1718579028
410,sinan,34.8262,126.1086,20.060000000000002,76,100,2.69,KR,1718579028
411,stephenville,32.2207,-98.2023,33.07000000000005,50,0,4.63,US,1718578991
412,fairhope,30.523,-87.9033,28.180000000000007,75,0,1.54,US,1718579028
413,jajce,44.3422,17.2656,13.470000000000027,86,0,1.61,BA,1718579029
414,tongchuanshi,35.0806,109.0897,19.350000000000023,82,4,0.15,CN,1718579029
415,whitburn,54.9533,-1.3686,12.480000000000018,94,100,2.97,GB,1718579029
416,bamboo flat,11.7,92.7167,27.05000000000001,94,40,1.54,IN,1718579030
417,mayya,61.7333,130.2811,15.620000000000005,55,93,4.21,RU,1718579030
418,sharjah,25.3573,55.4033,35.99000000000001,48,0,2.06,AE,1718578858
419,deoli,25.75,75.3833,34.19,39,48,5.02,IN,1718579031
420,al ghayzah,16.2079,52.176,28.29000000000002,86,61,2.18,YE,1718579031
421,reggane,26.7158,0.1714,37.860000000000014,10,2,4.25,DZ,1718579032
422,myrina,39.8797,25.0742,21.58000000000004,60,0,0.0,GR,1718579032
423,puntarenas,9.9763,-84.8384,27.24000000000001,82,31,1.88,CR,1718578802
424,cadillac,44.2519,-85.4012,27.660000000000025,50,40,3.6,US,1718579021
425,nuku'alofa,-21.1333,-175.2,26.189999999999998,89,75,6.69,TO,1718578945
426,buenaventura,3.8801,-77.0312,24.930000000000007,92,89,0.49,CO,1718579033
427,tamanrasset,22.785,5.5228,26.950000000000045,8,0,2.06,DZ,1718579033
428,taroa,8.7058,171.2275,28.07000000000005,81,84,7.17,MH,1718579034
429,saint-joseph,-21.3667,55.6167,21.210000000000036,80,50,3.02,RE,1718579034
430,katabu,-4.9333,122.5167,24.350000000000023,84,84,2.6,ID,1718579034
431,mount isa,-20.7333,139.5,13.870000000000005,58,0,3.09,AU,1718579035
432,sinop,41.7711,34.8709,15.230000000000018,93,29,1.91,TR,1718579035
433,ghadamis,30.1337,9.5007,32.47000000000003,21,40,6.11,LY,1718578888
434,villa la venta,18.1,-94.05,29.950000000000045,69,51,6.85,MX,1718579036
435,dryden,49.7833,-92.7503,22.160000000000025,73,100,5.14,CA,1718578846
436,cedeira,43.6797,-8.0209,18.32000000000005,76,100,7.34,ES,1718579036
437,san pedro pochutla,15.7333,-96.4667,29.840000000000032,78,100,3.19,MX,1718579037
438,ust'-barguzin,53.45,108.9833,12.140000000000043,58,99,0.04,RU,1718579037
439,port macquarie,-31.4333,152.9167,12.160000000000025,57,4,5.21,AU,1718579037
440,mejit,10.2753,170.8646,28.150000000000034,80,100,8.02,MH,1718579037
441,natchez,31.5604,-91.4032,23.689999999999998,94,40,2.06,US,1718579038
442,ponta delgada,37.7333,-25.6667,20.400000000000034,94,75,5.14,PT,1718578818
443,isangel,-19.55,169.2667,26.060000000000002,78,20,1.03,VU,1718579038
444,yanggu,36.1106,115.7753,26.370000000000005,61,39,4.54,CN,1718579038
445,voi,-3.3945,38.563,20.260000000000048,87,50,4.32,KE,1718579039
446,boca suno,-0.7167,-77.1333,27.77000000000004,97,100,0.84,EC,1718579039
447,kapa'a,22.0752,-159.319,30.99000000000001,73,0,7.2,US,1718579039
448,turuntayevo,52.2,107.6167,15.050000000000011,51,6,0.94,RU,1718579040
449,salahonda,2.1019,-78.7217,26.390000000000043,84,94,3.44,CO,1718579040
450,vila franca do campo,37.7167,-25.4333,20.230000000000018,99,86,3.33,PT,1718579040
451,callao,-12.0667,-77.15,20.400000000000034,77,100,2.57,PE,1718579041
452,pierre,44.3683,-100.351,24.600000000000023,32,100,2.63,US,1718578863
453,la sarre,48.8002,-79.1996,11.770000000000039,96,100,3.47,CA,1718578748
454,rio preto da eva,-2.6994,-59.6997,27.370000000000005,67,100,0.99,BR,1718579041
455,visakhapatnam,17.69,83.2093,29.090000000000032,84,56,3.26,IN,1718579042
456,angostura,25.3667,-108.1833,32.53000000000003,45,0,4.68,MX,1718579042
457,tari,12.4086,4.4914,29.390000000000043,61,34,2.6,NG,1718579042
458,pyay,18.8167,95.2167,26.730000000000018,85,100,2.18,MM,1718579043
459,pudozh,61.8099,36.5345,12.75,69,69,1.34,RU,1718579043
460,kalengwa,-13.4659,25.0027,9.610000000000014,57,40,2.27,ZM,1718579043
461,nouna,12.7333,-3.8667,30.600000000000023,49,66,3.91,BF,1718579043
462,sunne,59.8376,13.143,13.180000000000007,93,91,1.48,SE,1718579044
463,dickson,36.077,-87.3878,31.360000000000014,58,0,2.06,US,1718578511
464,thurso,58.5927,-3.5259,11.140000000000043,97,99,4.31,GB,1718579044
465,princeville,45.7668,-61.2985,15.370000000000005,62,0,4.12,CA,1718578948
466,albertina,-22.2008,-46.6158,16.600000000000023,48,0,3.53,BR,1718578872
467,nicoya,10.1483,-85.452,24.640000000000043,94,100,1.12,CR,1718578834
468,heze,35.2431,115.4411,25.230000000000018,71,94,2.37,CN,1718579046
469,yuzhno-kurilsk,44.0306,145.8556,12.450000000000045,100,100,1.9,RU,1718579046
470,braganca,-1.0536,-46.7656,22.420000000000016,99,95,0.43,BR,1718578922
471,nalut,30.3333,10.85,31.260000000000048,18,41,4.91,LY,1718578931
472,manadhoo,5.7667,73.3833,28.53000000000003,76,100,5.26,MV,1718579047
473,igarka,67.4667,86.5833,5.57000000000005,67,13,5.81,RU,1718579047
474,ko pha ngan,9.7578,100.0291,26.379999999999995,75,100,6.05,TH,1718579047
475,keflavik,64.0049,-22.5624,11.950000000000045,93,0,7.72,IS,1718579048
476,urangan,-25.3,152.9,14.550000000000011,72,0,4.02,AU,1718579048
477,jutai,-5.1833,-68.9,27.310000000000002,64,57,1.25,BR,1718579048
478,torghay,49.6339,63.4981,24.99000000000001,46,10,2.04,KZ,1718579049
479,zhuanghe,39.7008,122.9911,22.760000000000048,60,2,5.2,CN,1718579049
480,merizo village,13.2658,144.6691,29.99000000000001,82,22,7.21,GU,1718579049
481,lodja,-3.4833,23.4333,21.05000000000001,48,37,0.8,CD,1718579050
482,goz beida,13.95,20.55,28.57000000000005,49,97,4.48,TD,1718579050
483,mahibadhoo,3.7833,72.9667,28.220000000000027,76,21,3.44,MV,1718579050
484,dawei,14.0833,98.2,25.910000000000025,90,100,1.08,MM,1718579050
485,guercif,34.2257,-3.3536,24.760000000000048,35,0,3.89,MA,1718579051
486,zouerate,22.7187,-12.4521,31.560000000000002,15,1,7.68,MR,1718579051
487,gorontalo,0.5412,123.0595,24.939999999999998,91,85,0.55,ID,1718579051
488,mandalgovi,45.7625,106.2708,20.760000000000048,40,100,2.03,MN,1718579052
489,luc-la-primaube,44.3144,2.5355,15.360000000000014,77,0,2.57,FR,1718579052
490,adre,13.4667,22.2,25.680000000000007,59,86,6.66,TD,1718579052
491,gorgan,36.8387,54.4348,21.980000000000018,88,23,2.06,IR,1718579053
492,port sudan,19.6175,37.2164,31.129999999999995,46,0,3.32,SD,1718578972
493,enriquillo,17.9,-71.2333,27.82000000000005,83,100,2.09,DO,1718579053
494,kismayo,-0.3582,42.5454,25.850000000000023,82,99,7.83,SO,1718579054
495,weno,7.4515,151.8468,26.970000000000027,89,75,2.06,FM,1718579054
496,ha'il,27.5219,41.6907,29.010000000000048,18,0,0.0,SA,1718578964
497,shimoda,34.6667,138.95,27.28000000000003,71,100,3.42,JP,1718579055
498,kaka,37.3482,59.6143,30.49000000000001,24,46,2.05,TM,1718579055
499,saint-paul,-21.0096,55.2707,22.060000000000002,81,10,3.67,RE,1718579055
500,beloyarskiy,63.7119,66.6722,9.439999999999998,82,100,3.58,RU,1718579056
501,djamaa,33.5339,5.9931,34.94,20,90,4.22,DZ,1718579056
502,bereeda,11.8704,51.0579,30.54000000000002,59,90,3.15,SO,1718579056
503,lebork,54.5392,17.7501,14.950000000000045,92,96,2.37,PL,1718579057
504,aldinga beach,-35.2793,138.4604,10.350000000000023,76,71,2.73,AU,1718579057
505,sassandra,4.95,-6.0833,24.170000000000016,94,100,3.04,CI,1718578871
506,garachico,28.7781,-17.7646,19.060000000000002,60,100,5.66,ES,1718579057
507,sorong,-0.8833,131.25,24.870000000000005,91,100,6.77,ID,1718579045
508,vilyuysk,63.7553,121.6247,8.330000000000041,96,100,3.13,RU,1718579058
509,zeya,53.75,127.2667,14.160000000000025,64,6,2.47,RU,1718579058
510,minas de marcona,-15.2119,-75.1103,12.680000000000007,81,16,6.65,PE,1718579059
511,kralendijk,12.15,-68.2667,29.99000000000001,74,75,7.2,BQ,1718578831
512,puerto cabezas,14.0351,-83.3888,29.980000000000018,84,40,3.09,NI,1718579059
513,midvagur,62.0511,-7.1939,8.460000000000036,87,75,9.26,FO,1718578870
514,villemandeur,47.987,2.718,16.610000000000014,83,98,4.74,FR,1718579060
515,holmen,43.9633,-91.2562,31.879999999999995,60,20,6.69,US,1718579060
516,sakakah,29.9697,40.2064,35.76000000000005,12,56,5.95,SA,1718579061
517,plouzane,48.3833,-4.6167,14.03000000000003,88,100,2.06,FR,1718579061
518,hailey,43.5196,-114.3153,18.220000000000027,21,0,6.69,US,1718578837
519,zelenogorsk,56.1147,94.5861,18.640000000000043,94,63,1.45,RU,1718579015
520,santa ana de yacuma,-13.75,-65.4333,28.970000000000027,65,75,0.0,BO,1718579062
521,cambria,35.5641,-121.0808,34.75,45,2,8.25,US,1718579062
522,maceio,-9.6658,-35.7353,23.689999999999998,83,40,1.54,BR,1718579011
523,keren,15.7778,38.4581,25.670000000000016,33,0,0.88,ER,1718579063
524,hendrik-ido-ambacht,51.8333,4.6333,15.590000000000032,77,100,2.57,NL,1718578965
525,rutland,43.6167,-73.0162,21.360000000000014,62,0,0.45,US,1718578843
526,makurazaki,31.2667,130.3167,20.79000000000002,97,100,1.98,JP,1718579064
527,bambanglipuro,-7.95,110.2833,24.5,83,96,1.5,ID,1718579064
528,luena,-11.7833,19.9167,15.100000000000023,44,88,2.06,AO,1718579051
529,kidal,18.4411,1.4078,30.360000000000014,44,68,6.42,ML,1718579065
530,lautoka,-17.6167,177.4667,26.920000000000016,78,75,0.0,FJ,1718578869
531,shizunai-furukawacho,42.3339,142.3669,15.980000000000018,87,72,1.47,JP,1718579065
532,urengoy,65.9667,78.3667,5.800000000000011,71,78,1.9,RU,1718579066
533,el amria,35.5244,-1.0158,23.02000000000004,54,0,1.71,DZ,1718579066
534,heniches'k,46.1759,34.8034,20.900000000000034,86,19,8.57,UA,1718579066
535,ypsonas,34.6884,32.9574,24.54000000000002,83,75,2.06,CY,1718578885
536,golyshmanovo,56.3979,68.3728,17.83000000000004,96,56,2.95,RU,1718579067
537,celestun,20.8667,-90.4,24.870000000000005,93,90,7.16,MX,1718579067
538,alaghsas,17.0187,8.0168,32.700000000000045,26,0,3.79,NE,1718579067
539,nacala,-14.5428,40.6728,20.420000000000016,83,0,4.91,MZ,1718579067
540,tsumeb,-19.2333,17.7167,12.010000000000048,24,0,2.86,NA,1718579068
541,svobodnyy,51.4,128.1333,15.170000000000016,81,86,5.59,RU,1718579068
542,flekkefjord,58.2971,6.6607,12.75,98,100,0.89,NO,1718579068
543,fujin,47.26,132.0322,12.340000000000032,99,100,2.61,CN,1718579018
544,durban,-29.8579,31.0292,13.510000000000048,80,100,2.7,ZA,1718578846
545,byron bay,-28.65,153.6167,13.730000000000018,46,0,4.68,AU,1718579069
546,niamey,13.5137,2.1098,32.950000000000045,47,93,7.24,NE,1718578824
547,kishorganj,24.4333,90.7667,26.379999999999995,97,96,3.69,BD,1718578810
548,lewistown,40.5992,-77.5714,28.670000000000016,70,0,4.12,US,1718578853
549,san francisco ixhuatan,16.3569,-94.4825,28.400000000000034,79,91,2.37,MX,1718579070
550,bereznik,62.8551,42.7072,11.270000000000039,78,37,0.63,RU,1718579071
551,harnosand,62.6323,17.9379,13.010000000000048,94,14,1.67,SE,1718579071
552,banda aceh,5.5577,95.3222,25.74000000000001,71,100,6.24,ID,1718579071
553,tulum,20.2167,-87.4667,25.74000000000001,96,100,5.62,MX,1718579072
554,forster,-32.1667,152.5167,14.050000000000011,64,22,6.86,AU,1718579072
555,pacific grove,36.6177,-121.9166,23.210000000000036,62,0,6.17,US,1718579070
556,karratha,-20.7377,116.8463,20.82000000000005,83,0,1.57,AU,1718579072
557,seguela,7.9611,-6.6731,22.310000000000002,96,83,1.72,CI,1718579073
558,iguape,-24.7081,-47.5553,20.57000000000005,93,7,2.22,BR,1718579073
559,scarborough,54.2797,-0.4044,11.760000000000048,90,92,2.24,GB,1718578841
560,messini,37.0511,22.0078,24.54000000000002,68,100,3.09,GR,1718578963
561,chandler,33.3062,-111.8412,44.79000000000002,9,0,6.17,US,1718579074
562,belogradchik,43.6272,22.6836,17.850000000000023,67,33,1.94,BG,1718579074
563,plesetsk,62.708,40.2916,11.29000000000002,81,80,1.12,RU,1718578782
564,shurugwi,-19.6702,30.0059,8.370000000000005,92,2,1.02,ZW,1718578999
565,berdigestyakh,62.0989,126.6992,8.860000000000014,97,100,2.85,RU,1718579075
566,yashikira,9.7667,3.4,23.430000000000007,87,60,3.04,NG,1718579076
567,fort mcmurray,56.7268,-111.381,13.770000000000039,40,20,8.23,CA,1718578818
568,awjilah,29.1081,21.2869,25.840000000000032,36,0,4.3,LY,1718579076
569,collie,-33.3667,116.15,9.870000000000005,84,87,1.32,AU,1718579076
570,huy-neinstedt,51.9667,10.9167,15.370000000000005,87,100,2.03,DE,1718579077
571,lorengau,-2.0226,147.2712,28.33000000000004,81,99,5.43,PG,1718579077
572,novodvinsk,64.4165,40.8122,12.660000000000025,71,2,1.31,RU,1718579027
573,stjordalshalsen,63.4681,10.9262,15.0,58,20,3.6,NO,1718579078
